/nas/EOS/dataset/torc/wk2/fixed_structure,CAPT-192,steady_scene_CAPT-192_20211115201702,ar0820,image0/frame_image0_00004468,image3/frame_image3_00004468
/nas/EOS/dataset/torc/wk2/fixed_structure,CAPT-192,steady_scene_CAPT-192_20211115201702,ar0820,image0/frame_image0_00004478,image3/frame_image3_00004478
/nas/EOS/dataset/torc/wk2/fixed_structure,CAPT-192,steady_scene_CAPT-192_20211115201702,ar0820,image0/frame_image0_00004488,image3/frame_image3_00004488
/nas/EOS/dataset/torc/wk2/fixed_structure,CAPT-192,steady_scene_CAPT-192_20211115201702,ar0820,image0/frame_image0_00004498,image3/frame_image3_00004498
/nas/EOS/dataset/torc/wk2/fixed_structure,CAPT-192,steady_scene_CAPT-192_20211115201702,ar0820,image0/frame_image0_00004508,image3/frame_image3_00004508
/nas/EOS/dataset/torc/wk2/fixed_structure,CAPT-192,steady_scene_CAPT-192_20211115201702,ar0820,image0/frame_image0_00004518,image3/frame_image3_00004518
/nas/EOS/dataset/torc/wk2/fixed_structure,CAPT-192,steady_scene_CAPT-192_20211115201702,ar0820,image0/frame_image0_00004528,image3/frame_image3_00004528
/nas/EOS/dataset/torc/wk2/fixed_structure,CAPT-192,steady_scene_CAPT-192_20211115201702,ar0820,image0/frame_image0_00004538,image3/frame_image3_00004538
/nas/EOS/dataset/torc/wk2/fixed_structure,CAPT-192,steady_scene_CAPT-192_20211115201702,ar0820,image0/frame_image0_00004548,image3/frame_image3_00004548
/nas/EOS/dataset/torc/wk2/fixed_structure,CAPT-192,steady_scene_CAPT-192_20211115201702,ar0820,image0/frame_image0_00004558,image3/frame_image3_00004558
/nas/EOS/dataset/torc/wk2/fixed_structure,CAPT-192,steady_scene_CAPT-192_20211115201702,ar0820,image0/frame_image0_00004568,image3/frame_image3_00004568
/nas/EOS/dataset/torc/wk2/fixed_structure,CAPT-192,steady_scene_CAPT-192_20211115201702,ar0820,image0/frame_image0_00004578,image3/frame_image3_00004578
/nas/EOS/dataset/torc/wk2/fixed_structure,CAPT-192,steady_scene_CAPT-192_20211115201702,ar0820,image0/frame_image0_00004588,image3/frame_image3_00004588
/nas/EOS/dataset/torc/wk2/fixed_structure,CAPT-192,steady_scene_CAPT-192_20211115201702,ar0820,image0/frame_image0_00004598,image3/frame_image3_00004598
/nas/EOS/dataset/torc/wk2/fixed_structure,CAPT-192,steady_scene_CAPT-192_20211115201702,ar0820,image0/frame_image0_00004608,image3/frame_image3_00004608
/nas/EOS/dataset/torc/wk2/fixed_structure,CAPT-192,steady_scene_CAPT-192_20211115201702,ar0820,image0/frame_image0_00004618,image3/frame_image3_00004618
/nas/EOS/dataset/torc/wk2/fixed_structure,CAPT-192,steady_scene_CAPT-192_20211115201702,ar0820,image0/frame_image0_00004628,image3/frame_image3_00004628
/nas/EOS/dataset/torc/wk2/fixed_structure,CAPT-192,steady_scene_CAPT-192_20211115201702,ar0820,image0/frame_image0_00004638,image3/frame_image3_00004638
/nas/EOS/dataset/torc/wk2/fixed_structure,CAPT-192,steady_scene_CAPT-192_20211115201702,ar0820,image0/frame_image0_00004648,image3/frame_image3_00004648
/nas/EOS/dataset/torc/wk2/fixed_structure,CAPT-192,steady_scene_CAPT-192_20211115201702,ar0820,image0/frame_image0_00004658,image3/frame_image3_00004658
/nas/EOS/dataset/torc/wk2/fixed_structure,CAPT-192,steady_scene_CAPT-192_20211115201702,ar0820,image0/frame_image0_00004668,image3/frame_image3_00004668
/nas/EOS/dataset/torc/wk2/fixed_structure,CAPT-192,steady_scene_CAPT-192_20211115201702,ar0820,image0/frame_image0_00004678,image3/frame_image3_00004678
/nas/EOS/dataset/torc/wk2/fixed_structure,CAPT-192,steady_scene_CAPT-192_20211115201702,ar0820,image0/frame_image0_00004688,image3/frame_image3_00004688
/nas/EOS/dataset/torc/wk2/fixed_structure,CAPT-192,steady_scene_CAPT-192_20211115201702,ar0820,image0/frame_image0_00004698,image3/frame_image3_00004698
/nas/EOS/dataset/torc/wk2/fixed_structure,CAPT-192,steady_scene_CAPT-192_20211115201702,ar0820,image0/frame_image0_00004708,image3/frame_image3_00004708
/nas/EOS/dataset/torc/wk2/fixed_structure,CAPT-192,steady_scene_CAPT-192_20211115201702,ar0820,image0/frame_image0_00004718,image3/frame_image3_00004718
/nas/EOS/dataset/torc/wk2/fixed_structure,CAPT-192,steady_scene_CAPT-192_20211115201702,ar0820,image0/frame_image0_00004728,image3/frame_image3_00004728
/nas/EOS/dataset/torc/wk2/fixed_structure,CAPT-192,steady_scene_CAPT-192_20211115201702,ar0820,image0/frame_image0_00004738,image3/frame_image3_00004738
/nas/EOS/dataset/torc/wk2/fixed_structure,CAPT-192,steady_scene_CAPT-192_20211115201702,ar0820,image0/frame_image0_00004748,image3/frame_image3_00004748
/nas/EOS/dataset/torc/wk2/fixed_structure,CAPT-192,steady_scene_CAPT-192_20211115201702,ar0820,image0/frame_image0_00004758,image3/frame_image3_00004758
/nas/EOS/dataset/torc/wk2/fixed_structure,CAPT-192,steady_scene_CAPT-192_20211115201702,ar0820,image0/frame_image0_00004768,image3/frame_image3_00004768
/nas/EOS/dataset/torc/wk2/fixed_structure,CAPT-192,steady_scene_CAPT-192_20211115201702,ar0820,image0/frame_image0_00004778,image3/frame_image3_00004778
/nas/EOS/dataset/torc/wk2/fixed_structure,CAPT-192,steady_scene_CAPT-192_20211115201702,ar0820,image0/frame_image0_00004788,image3/frame_image3_00004788
/nas/EOS/dataset/torc/wk2/fixed_structure,CAPT-192,steady_scene_CAPT-192_20211115201702,ar0820,image0/frame_image0_00004798,image3/frame_image3_00004798
/nas/EOS/dataset/torc/wk2/fixed_structure,CAPT-192,steady_scene_CAPT-192_20211115201702,ar0820,image0/frame_image0_00004808,image3/frame_image3_00004808
/nas/EOS/dataset/torc/wk2/fixed_structure,CAPT-192,steady_scene_CAPT-192_20211115201702,ar0820,image0/frame_image0_00004818,image3/frame_image3_00004818
/nas/EOS/dataset/torc/wk2/fixed_structure,CAPT-192,steady_scene_CAPT-192_20211115201702,ar0820,image0/frame_image0_00004828,image3/frame_image3_00004828
/nas/EOS/dataset/torc/wk2/fixed_structure,CAPT-192,steady_scene_CAPT-192_20211115201702,ar0820,image0/frame_image0_00004838,image3/frame_image3_00004838
/nas/EOS/dataset/torc/wk2/fixed_structure,CAPT-192,steady_scene_CAPT-192_20211115201702,ar0820,image0/frame_image0_00004848,image3/frame_image3_00004848
/nas/EOS/dataset/torc/wk2/fixed_structure,CAPT-192,steady_scene_CAPT-192_20211115201702,ar0820,image0/frame_image0_00004858,image3/frame_image3_00004858
/nas/EOS/dataset/torc/wk2/fixed_structure,CAPT-192,steady_scene_CAPT-192_20211115201702,ar0820,image0/frame_image0_00004868,image3/frame_image3_00004868
/nas/EOS/dataset/torc/wk2/fixed_structure,CAPT-192,steady_scene_CAPT-192_20211115201702,ar0820,image0/frame_image0_00004878,image3/frame_image3_00004878
/nas/EOS/dataset/torc/wk2/fixed_structure,CAPT-192,steady_scene_CAPT-192_20211115201702,ar0820,image0/frame_image0_00004888,image3/frame_image3_00004888
/nas/EOS/dataset/torc/wk2/fixed_structure,CAPT-192,steady_scene_CAPT-192_20211115201702,ar0820,image0/frame_image0_00004898,image3/frame_image3_00004898
/nas/EOS/dataset/torc/wk2/fixed_structure,CAPT-192,steady_scene_CAPT-192_20211115201702,ar0820,image0/frame_image0_00004908,image3/frame_image3_00004908
/nas/EOS/dataset/torc/wk2/fixed_structure,CAPT-192,steady_scene_CAPT-192_20211115201702,ar0820,image0/frame_image0_00004918,image3/frame_image3_00004918
/nas/EOS/dataset/torc/wk2/fixed_structure,CAPT-192,steady_scene_CAPT-192_20211115201702,ar0820,image0/frame_image0_00004928,image3/frame_image3_00004928
/nas/EOS/dataset/torc/wk2/fixed_structure,CAPT-192,steady_scene_CAPT-192_20211115201702,ar0820,image0/frame_image0_00004938,image3/frame_image3_00004938
/nas/EOS/dataset/torc/wk2/fixed_structure,CAPT-192,steady_scene_CAPT-192_20211115201702,ar0820,image0/frame_image0_00004948,image3/frame_image3_00004948
/nas/EOS/dataset/torc/wk2/fixed_structure,CAPT-192,steady_scene_CAPT-192_20211115201702,ar0820,image0/frame_image0_00004958,image3/frame_image3_00004958
/nas/EOS/dataset/torc/wk2/fixed_structure,CAPT-192,steady_scene_CAPT-192_20211115201702,ar0820,image0/frame_image0_00004968,image3/frame_image3_00004968
/nas/EOS/dataset/torc/wk2/fixed_structure,CAPT-192,steady_scene_CAPT-192_20211115201702,ar0820,image0/frame_image0_00004978,image3/frame_image3_00004978
/nas/EOS/dataset/torc/wk2/fixed_structure,CAPT-192,steady_scene_CAPT-192_20211115201702,ar0820,image0/frame_image0_00004988,image3/frame_image3_00004988
/nas/EOS/dataset/torc/wk2/fixed_structure,CAPT-192,steady_scene_CAPT-192_20211115201702,ar0820,image0/frame_image0_00004998,image3/frame_image3_00004998
/nas/EOS/dataset/torc/wk2/fixed_structure,CAPT-192,steady_scene_CAPT-192_20211115201702,ar0820,image0/frame_image0_00005008,image3/frame_image3_00005008
/nas/EOS/dataset/torc/wk2/fixed_structure,CAPT-192,steady_scene_CAPT-192_20211115201702,ar0820,image0/frame_image0_00005018,image3/frame_image3_00005018
/nas/EOS/dataset/torc/wk2/fixed_structure,CAPT-192,steady_scene_CAPT-192_20211115201702,ar0820,image0/frame_image0_00005028,image3/frame_image3_00005028
/nas/EOS/dataset/torc/wk2/fixed_structure,CAPT-192,steady_scene_CAPT-192_20211115201702,ar0820,image0/frame_image0_00005038,image3/frame_image3_00005038
/nas/EOS/dataset/torc/wk2/fixed_structure,CAPT-192,steady_scene_CAPT-192_20211115201702,ar0820,image0/frame_image0_00005048,image3/frame_image3_00005048
/nas/EOS/dataset/torc/wk2/fixed_structure,CAPT-192,steady_scene_CAPT-192_20211115201702,ar0820,image0/frame_image0_00005058,image3/frame_image3_00005058
/nas/EOS/dataset/torc/wk2/fixed_structure,CAPT-192,steady_scene_CAPT-192_20211115201702,ar0820,image0/frame_image0_00005068,image3/frame_image3_00005068
/nas/EOS/dataset/torc/wk2/fixed_structure,CAPT-192,steady_scene_CAPT-192_20211115201702,ar0820,image0/frame_image0_00005078,image3/frame_image3_00005078
/nas/EOS/dataset/torc/wk2/fixed_structure,CAPT-192,steady_scene_CAPT-192_20211115201702,ar0820,image0/frame_image0_00005088,image3/frame_image3_00005088
/nas/EOS/dataset/torc/wk2/fixed_structure,CAPT-192,steady_scene_CAPT-192_20211115201702,ar0820,image0/frame_image0_00005098,image3/frame_image3_00005098
/nas/EOS/dataset/torc/wk2/fixed_structure,CAPT-192,steady_scene_CAPT-192_20211115201702,ar0820,image0/frame_image0_00005108,image3/frame_image3_00005108
/nas/EOS/dataset/torc/wk2/fixed_structure,CAPT-192,steady_scene_CAPT-192_20211115201702,ar0820,image0/frame_image0_00005118,image3/frame_image3_00005118
/nas/EOS/dataset/torc/wk2/fixed_structure,CAPT-192,steady_scene_CAPT-192_20211115201702,ar0820,image0/frame_image0_00005128,image3/frame_image3_00005128
/nas/EOS/dataset/torc/wk2/fixed_structure,CAPT-192,steady_scene_CAPT-192_20211115201702,ar0820,image0/frame_image0_00005138,image3/frame_image3_00005138
/nas/EOS/dataset/torc/wk2/fixed_structure,CAPT-192,steady_scene_CAPT-192_20211115201702,ar0820,image0/frame_image0_00005148,image3/frame_image3_00005148
/nas/EOS/dataset/torc/wk2/fixed_structure,CAPT-192,steady_scene_CAPT-192_20211115201702,ar0820,image0/frame_image0_00005158,image3/frame_image3_00005158
/nas/EOS/dataset/torc/wk2/fixed_structure,CAPT-192,steady_scene_CAPT-192_20211115201702,ar0820,image0/frame_image0_00005168,image3/frame_image3_00005168
/nas/EOS/dataset/torc/wk2/fixed_structure,CAPT-192,steady_scene_CAPT-192_20211115201702,ar0820,image0/frame_image0_00005178,image3/frame_image3_00005178
/nas/EOS/dataset/torc/wk2/fixed_structure,CAPT-192,steady_scene_CAPT-192_20211115201702,ar0820,image0/frame_image0_00005188,image3/frame_image3_00005188
/nas/EOS/dataset/torc/wk2/fixed_structure,CAPT-192,steady_scene_CAPT-192_20211115201702,ar0820,image0/frame_image0_00005198,image3/frame_image3_00005198
/nas/EOS/dataset/torc/wk2/fixed_structure,CAPT-192,steady_scene_CAPT-192_20211115201702,ar0820,image0/frame_image0_00005208,image3/frame_image3_00005208
/nas/EOS/dataset/torc/wk2/fixed_structure,CAPT-192,steady_scene_CAPT-192_20211115201702,ar0820,image0/frame_image0_00005218,image3/frame_image3_00005218
/nas/EOS/dataset/torc/wk2/fixed_structure,CAPT-192,steady_scene_CAPT-192_20211115201702,ar0820,image0/frame_image0_00005228,image3/frame_image3_00005228
/nas/EOS/dataset/torc/wk2/fixed_structure,CAPT-192,steady_scene_CAPT-192_20211115201702,ar0820,image0/frame_image0_00005238,image3/frame_image3_00005238
/nas/EOS/dataset/torc/wk2/fixed_structure,CAPT-192,steady_scene_CAPT-192_20211115201702,ar0820,image0/frame_image0_00005248,image3/frame_image3_00005248
/nas/EOS/dataset/torc/wk2/fixed_structure,CAPT-192,steady_scene_CAPT-192_20211115201702,ar0820,image0/frame_image0_00005258,image3/frame_image3_00005258
/nas/EOS/dataset/torc/wk2/fixed_structure,CAPT-192,steady_scene_CAPT-192_20211115201702,ar0820,image0/frame_image0_00005268,image3/frame_image3_00005268
/nas/EOS/dataset/torc/wk2/fixed_structure,CAPT-192,steady_scene_CAPT-192_20211115201702,ar0820,image0/frame_image0_00005278,image3/frame_image3_00005278
/nas/EOS/dataset/torc/wk2/fixed_structure,CAPT-192,steady_scene_CAPT-192_20211115201702,ar0820,image0/frame_image0_00005288,image3/frame_image3_00005288
/nas/EOS/dataset/torc/wk2/fixed_structure,CAPT-192,steady_scene_CAPT-192_20211115201702,ar0820,image0/frame_image0_00005298,image3/frame_image3_00005298
/nas/EOS/dataset/torc/wk2/fixed_structure,CAPT-192,steady_scene_CAPT-192_20211115201702,ar0820,image0/frame_image0_00005308,image3/frame_image3_00005308
/nas/EOS/dataset/torc/wk2/fixed_structure,CAPT-192,steady_scene_CAPT-192_20211115201702,ar0820,image0/frame_image0_00005318,image3/frame_image3_00005318
/nas/EOS/dataset/torc/wk2/fixed_structure,CAPT-192,steady_scene_CAPT-192_20211115201702,ar0820,image0/frame_image0_00005328,image3/frame_image3_00005328
/nas/EOS/dataset/torc/wk2/fixed_structure,CAPT-192,steady_scene_CAPT-192_20211115201702,ar0820,image0/frame_image0_00005338,image3/frame_image3_00005338
/nas/EOS/dataset/torc/wk2/fixed_structure,CAPT-192,steady_scene_CAPT-192_20211115201702,ar0820,image0/frame_image0_00005348,image3/frame_image3_00005348
/nas/EOS/dataset/torc/wk2/fixed_structure,CAPT-192,steady_scene_CAPT-192_20211115201702,ar0820,image0/frame_image0_00005358,image3/frame_image3_00005358
/nas/EOS/dataset/torc/wk2/fixed_structure,CAPT-192,steady_scene_CAPT-192_20211115201702,ar0820,image0/frame_image0_00005368,image3/frame_image3_00005368
/nas/EOS/dataset/torc/wk2/fixed_structure,CAPT-192,steady_scene_CAPT-192_20211115201702,ar0820,image0/frame_image0_00005378,image3/frame_image3_00005378
/nas/EOS/dataset/torc/wk2/fixed_structure,CAPT-192,steady_scene_CAPT-192_20211115201702,ar0820,image0/frame_image0_00005388,image3/frame_image3_00005388
/nas/EOS/dataset/torc/wk2/fixed_structure,CAPT-192,steady_scene_CAPT-192_20211115201702,ar0820,image0/frame_image0_00005398,image3/frame_image3_00005398
/nas/EOS/dataset/torc/wk2/fixed_structure,CAPT-192,steady_scene_CAPT-192_20211115201702,ar0820,image0/frame_image0_00005408,image3/frame_image3_00005408
/nas/EOS/dataset/torc/wk2/fixed_structure,CAPT-192,steady_scene_CAPT-192_20211115201702,ar0820,image0/frame_image0_00005418,image3/frame_image3_00005418
/nas/EOS/dataset/torc/wk2/fixed_structure,CAPT-192,steady_scene_CAPT-192_20211115201702,ar0820,image0/frame_image0_00005428,image3/frame_image3_00005428
/nas/EOS/dataset/torc/wk2/fixed_structure,CAPT-192,steady_scene_CAPT-192_20211115201702,ar0820,image0/frame_image0_00005438,image3/frame_image3_00005438
/nas/EOS/dataset/torc/wk2/fixed_structure,CAPT-192,steady_scene_CAPT-192_20211115201702,ar0820,image0/frame_image0_00005448,image3/frame_image3_00005448
/nas/EOS/dataset/torc/wk2/fixed_structure,CAPT-192,steady_scene_CAPT-192_20211115201702,ar0820,image0/frame_image0_00005458,image3/frame_image3_00005458
/nas/EOS/dataset/torc/wk2/fixed_structure,CAPT-192,steady_scene_CAPT-192_20211115201702,ar0820,image0/frame_image0_00005468,image3/frame_image3_00005468
/nas/EOS/dataset/torc/wk2/fixed_structure,CAPT-192,steady_scene_CAPT-192_20211115201702,ar0820,image0/frame_image0_00005478,image3/frame_image3_00005478
/nas/EOS/dataset/torc/wk2/fixed_structure,CAPT-192,steady_scene_CAPT-192_20211115201702,ar0820,image0/frame_image0_00005488,image3/frame_image3_00005488
/nas/EOS/dataset/torc/wk2/fixed_structure,CAPT-192,steady_scene_CAPT-192_20211115201702,ar0820,image0/frame_image0_00005498,image3/frame_image3_00005498
/nas/EOS/dataset/torc/wk2/fixed_structure,CAPT-192,steady_scene_CAPT-192_20211115201702,ar0820,image0/frame_image0_00005508,image3/frame_image3_00005508
/nas/EOS/dataset/torc/wk2/fixed_structure,CAPT-192,steady_scene_CAPT-192_20211115201702,ar0820,image0/frame_image0_00005518,image3/frame_image3_00005518
/nas/EOS/dataset/torc/wk2/fixed_structure,CAPT-192,steady_scene_CAPT-192_20211115201702,ar0820,image0/frame_image0_00005528,image3/frame_image3_00005528
/nas/EOS/dataset/torc/wk2/fixed_structure,CAPT-192,steady_scene_CAPT-192_20211115201702,ar0820,image0/frame_image0_00005538,image3/frame_image3_00005538
/nas/EOS/dataset/torc/wk2/fixed_structure,CAPT-192,steady_scene_CAPT-192_20211115201702,ar0820,image0/frame_image0_00005548,image3/frame_image3_00005548
/nas/EOS/dataset/torc/wk2/fixed_structure,CAPT-192,steady_scene_CAPT-192_20211115201702,ar0820,image0/frame_image0_00005558,image3/frame_image3_00005558
/nas/EOS/dataset/torc/wk2/fixed_structure,CAPT-192,steady_scene_CAPT-192_20211115201702,ar0820,image0/frame_image0_00005568,image3/frame_image3_00005568
/nas/EOS/dataset/torc/wk2/fixed_structure,CAPT-192,steady_scene_CAPT-192_20211115201702,ar0820,image0/frame_image0_00005578,image3/frame_image3_00005578
/nas/EOS/dataset/torc/wk2/fixed_structure,CAPT-192,steady_scene_CAPT-192_20211115201702,ar0820,image0/frame_image0_00005588,image3/frame_image3_00005588
/nas/EOS/dataset/torc/wk2/fixed_structure,CAPT-192,steady_scene_CAPT-192_20211115201702,ar0820,image0/frame_image0_00005598,image3/frame_image3_00005598
/nas/EOS/dataset/torc/wk2/fixed_structure,CAPT-192,steady_scene_CAPT-192_20211115201702,ar0820,image0/frame_image0_00005608,image3/frame_image3_00005608
/nas/EOS/dataset/torc/wk2/fixed_structure,CAPT-192,steady_scene_CAPT-192_20211115201702,ar0820,image0/frame_image0_00005618,image3/frame_image3_00005618
/nas/EOS/dataset/torc/wk2/fixed_structure,CAPT-192,steady_scene_CAPT-192_20211115201702,ar0820,image0/frame_image0_00005628,image3/frame_image3_00005628
/nas/EOS/dataset/torc/wk2/fixed_structure,CAPT-192,steady_scene_CAPT-192_20211115201702,ar0820,image0/frame_image0_00005638,image3/frame_image3_00005638
/nas/EOS/dataset/torc/wk2/fixed_structure,CAPT-192,steady_scene_CAPT-192_20211115201702,ar0820,image0/frame_image0_00005648,image3/frame_image3_00005648
/nas/EOS/dataset/torc/wk2/fixed_structure,CAPT-192,steady_scene_CAPT-192_20211115201702,ar0820,image0/frame_image0_00005658,image3/frame_image3_00005658
/nas/EOS/dataset/torc/wk2/fixed_structure,CAPT-192,steady_scene_CAPT-192_20211115201702,ar0820,image0/frame_image0_00005668,image3/frame_image3_00005668
/nas/EOS/dataset/torc/wk2/fixed_structure,CAPT-192,steady_scene_CAPT-192_20211115201702,ar0820,image0/frame_image0_00005678,image3/frame_image3_00005678
/nas/EOS/dataset/torc/wk2/fixed_structure,CAPT-192,steady_scene_CAPT-192_20211115201702,ar0820,image0/frame_image0_00005688,image3/frame_image3_00005688
/nas/EOS/dataset/torc/wk2/fixed_structure,CAPT-192,steady_scene_CAPT-192_20211115201702,ar0820,image0/frame_image0_00005698,image3/frame_image3_00005698
/nas/EOS/dataset/torc/wk2/fixed_structure,CAPT-192,steady_scene_CAPT-192_20211115201702,ar0820,image0/frame_image0_00005708,image3/frame_image3_00005708
/nas/EOS/dataset/torc/wk2/fixed_structure,CAPT-192,steady_scene_CAPT-192_20211115201702,ar0820,image0/frame_image0_00005718,image3/frame_image3_00005718
/nas/EOS/dataset/torc/wk2/fixed_structure,CAPT-192,steady_scene_CAPT-192_20211115201702,ar0820,image0/frame_image0_00005728,image3/frame_image3_00005728
/nas/EOS/dataset/torc/wk2/fixed_structure,CAPT-192,steady_scene_CAPT-192_20211115201702,ar0820,image0/frame_image0_00005738,image3/frame_image3_00005738
/nas/EOS/dataset/torc/wk2/fixed_structure,CAPT-192,steady_scene_CAPT-192_20211115201702,ar0820,image0/frame_image0_00005748,image3/frame_image3_00005748
/nas/EOS/dataset/torc/wk2/fixed_structure,CAPT-192,steady_scene_CAPT-192_20211115201702,ar0820,image0/frame_image0_00005758,image3/frame_image3_00005758
/nas/EOS/dataset/torc/wk2/fixed_structure,CAPT-192,steady_scene_CAPT-192_20211115201702,ar0820,image0/frame_image0_00005768,image3/frame_image3_00005768
/nas/EOS/dataset/torc/wk2/fixed_structure,CAPT-192,steady_scene_CAPT-192_20211115201702,ar0820,image0/frame_image0_00005778,image3/frame_image3_00005778
/nas/EOS/dataset/torc/wk2/fixed_structure,CAPT-192,steady_scene_CAPT-192_20211115201702,ar0820,image0/frame_image0_00005788,image3/frame_image3_00005788
/nas/EOS/dataset/torc/wk2/fixed_structure,CAPT-192,steady_scene_CAPT-192_20211115201702,ar0820,image0/frame_image0_00005798,image3/frame_image3_00005798
/nas/EOS/dataset/torc/wk2/fixed_structure,CAPT-192,steady_scene_CAPT-192_20211115201702,ar0820,image0/frame_image0_00005808,image3/frame_image3_00005808
/nas/EOS/dataset/torc/wk2/fixed_structure,CAPT-192,steady_scene_CAPT-192_20211115201702,ar0820,image0/frame_image0_00005818,image3/frame_image3_00005818
/nas/EOS/dataset/torc/wk2/fixed_structure,CAPT-192,steady_scene_CAPT-192_20211115201702,ar0820,image0/frame_image0_00005828,image3/frame_image3_00005828
/nas/EOS/dataset/torc/wk2/fixed_structure,CAPT-192,steady_scene_CAPT-192_20211115201702,ar0820,image0/frame_image0_00005838,image3/frame_image3_00005838
/nas/EOS/dataset/torc/wk2/fixed_structure,CAPT-192,steady_scene_CAPT-192_20211115201702,ar0820,image0/frame_image0_00005848,image3/frame_image3_00005848
/nas/EOS/dataset/torc/wk2/fixed_structure,CAPT-192,steady_scene_CAPT-192_20211115201702,ar0820,image0/frame_image0_00005858,image3/frame_image3_00005858
/nas/EOS/dataset/torc/wk2/fixed_structure,CAPT-192,steady_scene_CAPT-192_20211115201702,ar0820,image0/frame_image0_00005868,image3/frame_image3_00005868
/nas/EOS/dataset/torc/wk2/fixed_structure,CAPT-192,steady_scene_CAPT-192_20211115201702,ar0820,image0/frame_image0_00005878,image3/frame_image3_00005878
/nas/EOS/dataset/torc/wk2/fixed_structure,CAPT-192,steady_scene_CAPT-192_20211115201702,ar0820,image0/frame_image0_00005888,image3/frame_image3_00005888
/nas/EOS/dataset/torc/wk2/fixed_structure,CAPT-192,steady_scene_CAPT-192_20211115201702,ar0820,image0/frame_image0_00005898,image3/frame_image3_00005898
/nas/EOS/dataset/torc/wk2/fixed_structure,CAPT-192,steady_scene_CAPT-192_20211115201702,ar0820,image0/frame_image0_00005908,image3/frame_image3_00005908
/nas/EOS/dataset/torc/wk2/fixed_structure,CAPT-192,steady_scene_CAPT-192_20211115201702,ar0820,image0/frame_image0_00005918,image3/frame_image3_00005918
/nas/EOS/dataset/torc/wk2/fixed_structure,CAPT-192,steady_scene_CAPT-192_20211115201702,ar0820,image0/frame_image0_00005928,image3/frame_image3_00005928
/nas/EOS/dataset/torc/wk2/fixed_structure,CAPT-192,steady_scene_CAPT-192_20211115201702,ar0820,image0/frame_image0_00005938,image3/frame_image3_00005938
/nas/EOS/dataset/torc/wk2/fixed_structure,CAPT-192,steady_scene_CAPT-192_20211115201702,ar0820,image0/frame_image0_00005948,image3/frame_image3_00005948
/nas/EOS/dataset/torc/wk2/fixed_structure,CAPT-192,steady_scene_CAPT-192_20211115201702,ar0820,image0/frame_image0_00005958,image3/frame_image3_00005958
/nas/EOS/dataset/torc/wk2/fixed_structure,CAPT-192,steady_scene_CAPT-192_20211115201702,ar0820,image0/frame_image0_00005968,image3/frame_image3_00005968
/nas/EOS/dataset/torc/wk2/fixed_structure,CAPT-192,steady_scene_CAPT-192_20211115201702,ar0820,image0/frame_image0_00005978,image3/frame_image3_00005978
/nas/EOS/dataset/torc/wk2/fixed_structure,CAPT-192,steady_scene_CAPT-192_20211115201702,ar0820,image0/frame_image0_00005988,image3/frame_image3_00005988
/nas/EOS/dataset/torc/wk2/fixed_structure,CAPT-192,steady_scene_CAPT-192_20211115201702,ar0820,image0/frame_image0_00005998,image3/frame_image3_00005998
/nas/EOS/dataset/torc/wk2/fixed_structure,CAPT-192,steady_scene_CAPT-192_20211115201702,ar0820,image0/frame_image0_00006008,image3/frame_image3_00006008
/nas/EOS/dataset/torc/wk2/fixed_structure,CAPT-192,steady_scene_CAPT-192_20211115201702,ar0820,image0/frame_image0_00006018,image3/frame_image3_00006018
/nas/EOS/dataset/torc/wk2/fixed_structure,CAPT-192,steady_scene_CAPT-192_20211115201702,ar0820,image0/frame_image0_00006028,image3/frame_image3_00006028
/nas/EOS/dataset/torc/wk2/fixed_structure,CAPT-192,steady_scene_CAPT-192_20211115201702,ar0820,image0/frame_image0_00006038,image3/frame_image3_00006038
/nas/EOS/dataset/torc/wk2/fixed_structure,CAPT-192,steady_scene_CAPT-192_20211115201702,ar0820,image0/frame_image0_00006048,image3/frame_image3_00006048
/nas/EOS/dataset/torc/wk2/fixed_structure,CAPT-192,steady_scene_CAPT-192_20211115201702,ar0820,image0/frame_image0_00006058,image3/frame_image3_00006058
/nas/EOS/dataset/torc/wk2/fixed_structure,CAPT-192,steady_scene_CAPT-192_20211115201702,ar0820,image0/frame_image0_00006068,image3/frame_image3_00006068
/nas/EOS/dataset/torc/wk2/fixed_structure,CAPT-192,steady_scene_CAPT-192_20211115201702,ar0820,image0/frame_image0_00006078,image3/frame_image3_00006078
/nas/EOS/dataset/torc/wk2/fixed_structure,CAPT-192,steady_scene_CAPT-192_20211115201702,ar0820,image0/frame_image0_00006088,image3/frame_image3_00006088
/nas/EOS/dataset/torc/wk2/fixed_structure,CAPT-192,steady_scene_CAPT-192_20211115201702,ar0820,image0/frame_image0_00006098,image3/frame_image3_00006098
/nas/EOS/dataset/torc/wk2/fixed_structure,CAPT-192,steady_scene_CAPT-192_20211115201702,ar0820,image0/frame_image0_00006108,image3/frame_image3_00006108
/nas/EOS/dataset/torc/wk2/fixed_structure,CAPT-192,steady_scene_CAPT-192_20211115201702,ar0820,image0/frame_image0_00006118,image3/frame_image3_00006118
/nas/EOS/dataset/torc/wk2/fixed_structure,CAPT-192,steady_scene_CAPT-192_20211115201702,ar0820,image0/frame_image0_00006128,image3/frame_image3_00006128
/nas/EOS/dataset/torc/wk2/fixed_structure,CAPT-192,steady_scene_CAPT-192_20211115201702,ar0820,image0/frame_image0_00006138,image3/frame_image3_00006138
/nas/EOS/dataset/torc/wk2/fixed_structure,CAPT-192,steady_scene_CAPT-192_20211115201702,ar0820,image0/frame_image0_00006148,image3/frame_image3_00006148
/nas/EOS/dataset/torc/wk2/fixed_structure,CAPT-192,steady_scene_CAPT-192_20211115201702,ar0820,image0/frame_image0_00006158,image3/frame_image3_00006158
/nas/EOS/dataset/torc/wk2/fixed_structure,CAPT-192,steady_scene_CAPT-192_20211115201702,ar0820,image0/frame_image0_00006168,image3/frame_image3_00006168
/nas/EOS/dataset/torc/wk2/fixed_structure,CAPT-192,steady_scene_CAPT-192_20211115201702,ar0820,image0/frame_image0_00006178,image3/frame_image3_00006178
/nas/EOS/dataset/torc/wk2/fixed_structure,CAPT-192,steady_scene_CAPT-192_20211115201702,ar0820,image0/frame_image0_00006188,image3/frame_image3_00006188
/nas/EOS/dataset/torc/wk2/fixed_structure,CAPT-192,steady_scene_CAPT-192_20211115201702,ar0820,image0/frame_image0_00006198,image3/frame_image3_00006198
/nas/EOS/dataset/torc/wk2/fixed_structure,CAPT-192,steady_scene_CAPT-192_20211115201702,ar0820,image0/frame_image0_00006208,image3/frame_image3_00006208
/nas/EOS/dataset/torc/wk2/fixed_structure,CAPT-192,steady_scene_CAPT-192_20211115201702,ar0820,image0/frame_image0_00006218,image3/frame_image3_00006218
/nas/EOS/dataset/torc/wk2/fixed_structure,CAPT-192,steady_scene_CAPT-192_20211115201702,ar0820,image0/frame_image0_00006228,image3/frame_image3_00006228
/nas/EOS/dataset/torc/wk2/fixed_structure,CAPT-192,steady_scene_CAPT-192_20211115201702,ar0820,image0/frame_image0_00006238,image3/frame_image3_00006238
/nas/EOS/dataset/torc/wk2/fixed_structure,CAPT-192,steady_scene_CAPT-192_20211115201702,ar0820,image0/frame_image0_00006248,image3/frame_image3_00006248
/nas/EOS/dataset/torc/wk2/fixed_structure,CAPT-192,steady_scene_CAPT-192_20211115201702,ar0820,image0/frame_image0_00006258,image3/frame_image3_00006258
/nas/EOS/dataset/torc/wk2/fixed_structure,CAPT-192,steady_scene_CAPT-192_20211115201702,ar0820,image0/frame_image0_00006268,image3/frame_image3_00006268
/nas/EOS/dataset/torc/wk2/fixed_structure,CAPT-192,steady_scene_CAPT-192_20211115201702,ar0820,image0/frame_image0_00006278,image3/frame_image3_00006278
/nas/EOS/dataset/torc/wk2/fixed_structure,CAPT-192,steady_scene_CAPT-192_20211115201702,ar0820,image0/frame_image0_00006288,image3/frame_image3_00006288
/nas/EOS/dataset/torc/wk2/fixed_structure,CAPT-192,steady_scene_CAPT-192_20211115201702,ar0820,image0/frame_image0_00006298,image3/frame_image3_00006298
/nas/EOS/dataset/torc/wk2/fixed_structure,CAPT-192,steady_scene_CAPT-192_20211115201702,ar0820,image0/frame_image0_00006308,image3/frame_image3_00006308
/nas/EOS/dataset/torc/wk2/fixed_structure,CAPT-192,steady_scene_CAPT-192_20211115201702,ar0820,image0/frame_image0_00006318,image3/frame_image3_00006318
/nas/EOS/dataset/torc/wk2/fixed_structure,CAPT-192,steady_scene_CAPT-192_20211115201702,ar0820,image0/frame_image0_00006328,image3/frame_image3_00006328
/nas/EOS/dataset/torc/wk2/fixed_structure,CAPT-192,steady_scene_CAPT-192_20211115201702,ar0820,image0/frame_image0_00006338,image3/frame_image3_00006338
/nas/EOS/dataset/torc/wk2/fixed_structure,CAPT-192,steady_scene_CAPT-192_20211115201702,ar0820,image0/frame_image0_00006348,image3/frame_image3_00006348
/nas/EOS/dataset/torc/wk2/fixed_structure,CAPT-192,steady_scene_CAPT-192_20211115201702,ar0820,image0/frame_image0_00006358,image3/frame_image3_00006358
/nas/EOS/dataset/torc/wk2/fixed_structure,CAPT-192,steady_scene_CAPT-192_20211115201702,ar0820,image0/frame_image0_00006368,image3/frame_image3_00006368
/nas/EOS/dataset/torc/wk2/fixed_structure,CAPT-192,steady_scene_CAPT-192_20211115201702,ar0820,image0/frame_image0_00006378,image3/frame_image3_00006378
/nas/EOS/dataset/torc/wk2/fixed_structure,CAPT-192,steady_scene_CAPT-192_20211115201702,ar0820,image0/frame_image0_00006388,image3/frame_image3_00006388
/nas/EOS/dataset/torc/wk2/fixed_structure,CAPT-192,steady_scene_CAPT-192_20211115201702,ar0820,image0/frame_image0_00006398,image3/frame_image3_00006398
/nas/EOS/dataset/torc/wk2/fixed_structure,CAPT-192,steady_scene_CAPT-192_20211115201702,ar0820,image0/frame_image0_00006408,image3/frame_image3_00006408
/nas/EOS/dataset/torc/wk2/fixed_structure,CAPT-192,steady_scene_CAPT-192_20211115201702,ar0820,image0/frame_image0_00006418,image3/frame_image3_00006418
/nas/EOS/dataset/torc/wk2/fixed_structure,CAPT-192,steady_scene_CAPT-192_20211115201702,ar0820,image0/frame_image0_00006428,image3/frame_image3_00006428
/nas/EOS/dataset/torc/wk2/fixed_structure,CAPT-192,steady_scene_CAPT-192_20211115201702,ar0820,image0/frame_image0_00006438,image3/frame_image3_00006438
/nas/EOS/dataset/torc/wk2/fixed_structure,CAPT-192,steady_scene_CAPT-192_20211115201702,ar0820,image0/frame_image0_00006448,image3/frame_image3_00006448
/nas/EOS/dataset/torc/wk2/fixed_structure,CAPT-192,steady_scene_CAPT-192_20211115201702,ar0820,image0/frame_image0_00006458,image3/frame_image3_00006458
/nas/EOS/dataset/torc/wk2/fixed_structure,CAPT-192,steady_scene_CAPT-192_20211115201702,ar0820,image0/frame_image0_00006468,image3/frame_image3_00006468
/nas/EOS/dataset/torc/wk2/fixed_structure,CAPT-192,steady_scene_CAPT-192_20211115201702,ar0820,image0/frame_image0_00006478,image3/frame_image3_00006478
/nas/EOS/dataset/torc/wk2/fixed_structure,CAPT-192,steady_scene_CAPT-192_20211115201702,ar0820,image0/frame_image0_00006488,image3/frame_image3_00006488
/nas/EOS/dataset/torc/wk2/fixed_structure,CAPT-192,steady_scene_CAPT-192_20211115201702,ar0820,image0/frame_image0_00006498,image3/frame_image3_00006498
/nas/EOS/dataset/torc/wk2/fixed_structure,CAPT-192,steady_scene_CAPT-192_20211115201702,ar0820,image0/frame_image0_00006508,image3/frame_image3_00006508
/nas/EOS/dataset/torc/wk2/fixed_structure,CAPT-192,steady_scene_CAPT-192_20211115201702,ar0820,image0/frame_image0_00006518,image3/frame_image3_00006518
/nas/EOS/dataset/torc/wk2/fixed_structure,CAPT-192,steady_scene_CAPT-192_20211115201702,ar0820,image0/frame_image0_00006528,image3/frame_image3_00006528
/nas/EOS/dataset/torc/wk2/fixed_structure,CAPT-192,steady_scene_CAPT-192_20211115201702,ar0820,image0/frame_image0_00006538,image3/frame_image3_00006538
/nas/EOS/dataset/torc/wk2/fixed_structure,CAPT-192,steady_scene_CAPT-192_20211115201702,ar0820,image0/frame_image0_00006548,image3/frame_image3_00006548
/nas/EOS/dataset/torc/wk2/fixed_structure,CAPT-192,steady_scene_CAPT-192_20211115201702,ar0820,image0/frame_image0_00006558,image3/frame_image3_00006558
/nas/EOS/dataset/torc/wk2/fixed_structure,CAPT-192,steady_scene_CAPT-192_20211115201702,ar0820,image0/frame_image0_00006568,image3/frame_image3_00006568
/nas/EOS/dataset/torc/wk2/fixed_structure,CAPT-192,steady_scene_CAPT-192_20211115201702,ar0820,image0/frame_image0_00006578,image3/frame_image3_00006578
/nas/EOS/dataset/torc/wk2/fixed_structure,CAPT-192,steady_scene_CAPT-192_20211115201702,ar0820,image0/frame_image0_00006588,image3/frame_image3_00006588
/nas/EOS/dataset/torc/wk2/fixed_structure,CAPT-192,steady_scene_CAPT-192_20211115201702,ar0820,image0/frame_image0_00006598,image3/frame_image3_00006598
/nas/EOS/dataset/torc/wk2/fixed_structure,CAPT-192,steady_scene_CAPT-192_20211115201702,ar0820,image0/frame_image0_00006608,image3/frame_image3_00006608
/nas/EOS/dataset/torc/wk2/fixed_structure,CAPT-192,steady_scene_CAPT-192_20211115201702,ar0820,image0/frame_image0_00006618,image3/frame_image3_00006618
/nas/EOS/dataset/torc/wk2/fixed_structure,CAPT-192,steady_scene_CAPT-192_20211115201702,ar0820,image0/frame_image0_00006628,image3/frame_image3_00006628
/nas/EOS/dataset/torc/wk2/fixed_structure,CAPT-192,steady_scene_CAPT-192_20211115201702,ar0820,image0/frame_image0_00006638,image3/frame_image3_00006638
/nas/EOS/dataset/torc/wk2/fixed_structure,CAPT-192,steady_scene_CAPT-192_20211115201702,ar0820,image0/frame_image0_00006648,image3/frame_image3_00006648
/nas/EOS/dataset/torc/wk2/fixed_structure,CAPT-192,steady_scene_CAPT-192_20211115201702,ar0820,image0/frame_image0_00006658,image3/frame_image3_00006658
/nas/EOS/dataset/torc/wk2/fixed_structure,CAPT-192,steady_scene_CAPT-192_20211115201702,ar0820,image0/frame_image0_00006668,image3/frame_image3_00006668
/nas/EOS/dataset/torc/wk2/fixed_structure,CAPT-192,steady_scene_CAPT-192_20211115201702,ar0820,image0/frame_image0_00006678,image3/frame_image3_00006678
/nas/EOS/dataset/torc/wk2/fixed_structure,CAPT-192,steady_scene_CAPT-192_20211115201702,ar0820,image0/frame_image0_00006688,image3/frame_image3_00006688
/nas/EOS/dataset/torc/wk2/fixed_structure,CAPT-192,steady_scene_CAPT-192_20211115201702,ar0820,image0/frame_image0_00006698,image3/frame_image3_00006698
/nas/EOS/dataset/torc/wk2/fixed_structure,CAPT-192,steady_scene_CAPT-192_20211115201702,ar0820,image0/frame_image0_00006708,image3/frame_image3_00006708
/nas/EOS/dataset/torc/wk2/fixed_structure,CAPT-192,steady_scene_CAPT-192_20211115201702,ar0820,image0/frame_image0_00006718,image3/frame_image3_00006718
/nas/EOS/dataset/torc/wk2/fixed_structure,CAPT-192,steady_scene_CAPT-192_20211115201702,ar0820,image0/frame_image0_00006728,image3/frame_image3_00006728
/nas/EOS/dataset/torc/wk2/fixed_structure,CAPT-192,steady_scene_CAPT-192_20211115201702,ar0820,image0/frame_image0_00006738,image3/frame_image3_00006738
/nas/EOS/dataset/torc/wk2/fixed_structure,CAPT-192,steady_scene_CAPT-192_20211115201702,ar0820,image0/frame_image0_00006748,image3/frame_image3_00006748
/nas/EOS/dataset/torc/wk2/fixed_structure,CAPT-192,steady_scene_CAPT-192_20211115201702,ar0820,image0/frame_image0_00006758,image3/frame_image3_00006758
/nas/EOS/dataset/torc/wk2/fixed_structure,CAPT-192,steady_scene_CAPT-192_20211115201702,ar0820,image0/frame_image0_00006768,image3/frame_image3_00006768
/nas/EOS/dataset/torc/wk2/fixed_structure,CAPT-192,steady_scene_CAPT-192_20211115201702,ar0820,image0/frame_image0_00006778,image3/frame_image3_00006778
/nas/EOS/dataset/torc/wk2/fixed_structure,CAPT-192,steady_scene_CAPT-192_20211115201702,ar0820,image0/frame_image0_00006788,image3/frame_image3_00006788
/nas/EOS/dataset/torc/wk2/fixed_structure,CAPT-192,steady_scene_CAPT-192_20211115201702,ar0820,image0/frame_image0_00006798,image3/frame_image3_00006798
/nas/EOS/dataset/torc/wk2/fixed_structure,CAPT-192,steady_scene_CAPT-192_20211115201702,ar0820,image0/frame_image0_00006808,image3/frame_image3_00006808
/nas/EOS/dataset/torc/wk2/fixed_structure,CAPT-192,steady_scene_CAPT-192_20211115201702,ar0820,image0/frame_image0_00006818,image3/frame_image3_00006818
/nas/EOS/dataset/torc/wk2/fixed_structure,CAPT-192,steady_scene_CAPT-192_20211115201702,ar0820,image0/frame_image0_00006828,image3/frame_image3_00006828
/nas/EOS/dataset/torc/wk2/fixed_structure,CAPT-192,steady_scene_CAPT-192_20211115201702,ar0820,image0/frame_image0_00006838,image3/frame_image3_00006838
/nas/EOS/dataset/torc/wk2/fixed_structure,CAPT-192,steady_scene_CAPT-192_20211115201702,ar0820,image0/frame_image0_00006848,image3/frame_image3_00006848
/nas/EOS/dataset/torc/wk2/fixed_structure,CAPT-192,steady_scene_CAPT-192_20211115201702,ar0820,image0/frame_image0_00006858,image3/frame_image3_00006858
/nas/EOS/dataset/torc/wk2/fixed_structure,CAPT-192,steady_scene_CAPT-192_20211115201702,ar0820,image0/frame_image0_00006868,image3/frame_image3_00006868
/nas/EOS/dataset/torc/wk2/fixed_structure,CAPT-192,steady_scene_CAPT-192_20211115201702,ar0820,image0/frame_image0_00006878,image3/frame_image3_00006878
/nas/EOS/dataset/torc/wk2/fixed_structure,CAPT-192,steady_scene_CAPT-192_20211115201702,ar0820,image0/frame_image0_00006888,image3/frame_image3_00006888
/nas/EOS/dataset/torc/wk2/fixed_structure,CAPT-192,steady_scene_CAPT-192_20211115201702,ar0820,image0/frame_image0_00006898,image3/frame_image3_00006898
/nas/EOS/dataset/torc/wk2/fixed_structure,CAPT-192,steady_scene_CAPT-192_20211115201702,ar0820,image0/frame_image0_00006908,image3/frame_image3_00006908
/nas/EOS/dataset/torc/wk2/fixed_structure,CAPT-192,steady_scene_CAPT-192_20211115201702,ar0820,image0/frame_image0_00006918,image3/frame_image3_00006918
/nas/EOS/dataset/torc/wk2/fixed_structure,CAPT-192,steady_scene_CAPT-192_20211115201702,ar0820,image0/frame_image0_00006928,image3/frame_image3_00006928
/nas/EOS/dataset/torc/wk2/fixed_structure,CAPT-192,steady_scene_CAPT-192_20211115201702,ar0820,image0/frame_image0_00006938,image3/frame_image3_00006938
/nas/EOS/dataset/torc/wk2/fixed_structure,CAPT-192,steady_scene_CAPT-192_20211115201702,ar0820,image0/frame_image0_00006948,image3/frame_image3_00006948
/nas/EOS/dataset/torc/wk2/fixed_structure,CAPT-192,steady_scene_CAPT-192_20211115201702,ar0820,image0/frame_image0_00006958,image3/frame_image3_00006958
/nas/EOS/dataset/torc/wk2/fixed_structure,CAPT-192,steady_scene_CAPT-192_20211115201702,ar0820,image0/frame_image0_00006968,image3/frame_image3_00006968
/nas/EOS/dataset/torc/wk2/fixed_structure,CAPT-192,steady_scene_CAPT-192_20211115201702,ar0820,image0/frame_image0_00006978,image3/frame_image3_00006978
/nas/EOS/dataset/torc/wk2/fixed_structure,CAPT-192,steady_scene_CAPT-192_20211115201702,ar0820,image0/frame_image0_00006988,image3/frame_image3_00006988
/nas/EOS/dataset/torc/wk2/fixed_structure,CAPT-192,steady_scene_CAPT-192_20211115201702,ar0820,image0/frame_image0_00006998,image3/frame_image3_00006998
/nas/EOS/dataset/torc/wk2/fixed_structure,CAPT-192,steady_scene_CAPT-192_20211115201702,ar0820,image0/frame_image0_00007008,image3/frame_image3_00007008
/nas/EOS/dataset/torc/wk2/fixed_structure,CAPT-192,steady_scene_CAPT-192_20211115201702,ar0820,image0/frame_image0_00007018,image3/frame_image3_00007018
/nas/EOS/dataset/torc/wk2/fixed_structure,CAPT-192,steady_scene_CAPT-192_20211115201702,ar0820,image0/frame_image0_00007028,image3/frame_image3_00007028
/nas/EOS/dataset/torc/wk2/fixed_structure,CAPT-192,steady_scene_CAPT-192_20211115201702,ar0820,image0/frame_image0_00007038,image3/frame_image3_00007038
/nas/EOS/dataset/torc/wk2/fixed_structure,CAPT-192,steady_scene_CAPT-192_20211115201702,ar0820,image0/frame_image0_00007048,image3/frame_image3_00007048
/nas/EOS/dataset/torc/wk2/fixed_structure,CAPT-192,steady_scene_CAPT-192_20211115201702,ar0820,image0/frame_image0_00007058,image3/frame_image3_00007058
/nas/EOS/dataset/torc/wk2/fixed_structure,CAPT-192,steady_scene_CAPT-192_20211115201702,ar0820,image0/frame_image0_00007068,image3/frame_image3_00007068
/nas/EOS/dataset/torc/wk2/fixed_structure,CAPT-192,steady_scene_CAPT-192_20211115201702,ar0820,image0/frame_image0_00007078,image3/frame_image3_00007078
/nas/EOS/dataset/torc/wk2/fixed_structure,CAPT-192,steady_scene_CAPT-192_20211115201702,ar0820,image0/frame_image0_00007088,image3/frame_image3_00007088
/nas/EOS/dataset/torc/wk2/fixed_structure,CAPT-192,steady_scene_CAPT-192_20211115201702,ar0820,image0/frame_image0_00007098,image3/frame_image3_00007098
/nas/EOS/dataset/torc/wk2/fixed_structure,CAPT-192,steady_scene_CAPT-192_20211115201702,ar0820,image0/frame_image0_00007108,image3/frame_image3_00007108
/nas/EOS/dataset/torc/wk2/fixed_structure,CAPT-192,steady_scene_CAPT-192_20211115201702,ar0820,image0/frame_image0_00007118,image3/frame_image3_00007118
/nas/EOS/dataset/torc/wk2/fixed_structure,CAPT-192,steady_scene_CAPT-192_20211115201702,ar0820,image0/frame_image0_00007128,image3/frame_image3_00007128
/nas/EOS/dataset/torc/wk2/fixed_structure,CAPT-192,steady_scene_CAPT-192_20211115201702,ar0820,image0/frame_image0_00007138,image3/frame_image3_00007138
/nas/EOS/dataset/torc/wk2/fixed_structure,CAPT-192,steady_scene_CAPT-192_20211115201702,ar0820,image0/frame_image0_00007148,image3/frame_image3_00007148
/nas/EOS/dataset/torc/wk2/fixed_structure,CAPT-192,steady_scene_CAPT-192_20211115201702,ar0820,image0/frame_image0_00007158,image3/frame_image3_00007158
/nas/EOS/dataset/torc/wk2/fixed_structure,CAPT-192,steady_scene_CAPT-192_20211115201702,ar0820,image0/frame_image0_00007168,image3/frame_image3_00007168
/nas/EOS/dataset/torc/wk2/fixed_structure,CAPT-192,steady_scene_CAPT-192_20211115201702,ar0820,image0/frame_image0_00007178,image3/frame_image3_00007178
/nas/EOS/dataset/torc/wk2/fixed_structure,CAPT-192,steady_scene_CAPT-192_20211115201702,ar0820,image0/frame_image0_00007188,image3/frame_image3_00007188
/nas/EOS/dataset/torc/wk2/fixed_structure,CAPT-192,steady_scene_CAPT-192_20211115201702,ar0820,image0/frame_image0_00007198,image3/frame_image3_00007198
/nas/EOS/dataset/torc/wk2/fixed_structure,CAPT-192,steady_scene_CAPT-192_20211115201702,ar0820,image0/frame_image0_00007208,image3/frame_image3_00007208
/nas/EOS/dataset/torc/wk2/fixed_structure,CAPT-192,steady_scene_CAPT-192_20211115201702,ar0820,image0/frame_image0_00007218,image3/frame_image3_00007218
/nas/EOS/dataset/torc/wk2/fixed_structure,CAPT-192,steady_scene_CAPT-192_20211115201702,ar0820,image0/frame_image0_00007228,image3/frame_image3_00007228
/nas/EOS/dataset/torc/wk2/fixed_structure,CAPT-192,steady_scene_CAPT-192_20211115201702,ar0820,image0/frame_image0_00007238,image3/frame_image3_00007238
/nas/EOS/dataset/torc/wk2/fixed_structure,CAPT-192,steady_scene_CAPT-192_20211115201702,ar0820,image0/frame_image0_00007248,image3/frame_image3_00007248
/nas/EOS/dataset/torc/wk2/fixed_structure,CAPT-192,steady_scene_CAPT-192_20211115201702,ar0820,image0/frame_image0_00007258,image3/frame_image3_00007258
/nas/EOS/dataset/torc/wk2/fixed_structure,CAPT-192,steady_scene_CAPT-192_20211115201702,ar0820,image0/frame_image0_00007268,image3/frame_image3_00007268
/nas/EOS/dataset/torc/wk2/fixed_structure,CAPT-192,steady_scene_CAPT-192_20211115201702,ar0820,image0/frame_image0_00007278,image3/frame_image3_00007278
/nas/EOS/dataset/torc/wk2/fixed_structure,CAPT-192,steady_scene_CAPT-192_20211115201702,ar0820,image0/frame_image0_00007288,image3/frame_image3_00007288
/nas/EOS/dataset/torc/wk2/fixed_structure,CAPT-192,steady_scene_CAPT-192_20211115201702,ar0820,image0/frame_image0_00007298,image3/frame_image3_00007298
/nas/EOS/dataset/torc/wk2/fixed_structure,CAPT-192,steady_scene_CAPT-192_20211115201702,ar0820,image0/frame_image0_00007308,image3/frame_image3_00007308
/nas/EOS/dataset/torc/wk2/fixed_structure,CAPT-192,steady_scene_CAPT-192_20211115201702,ar0820,image0/frame_image0_00007318,image3/frame_image3_00007318
/nas/EOS/dataset/torc/wk2/fixed_structure,CAPT-192,steady_scene_CAPT-192_20211115201702,ar0820,image0/frame_image0_00007328,image3/frame_image3_00007328
/nas/EOS/dataset/torc/wk2/fixed_structure,CAPT-192,steady_scene_CAPT-192_20211115201702,ar0820,image0/frame_image0_00007338,image3/frame_image3_00007338
/nas/EOS/dataset/torc/wk2/fixed_structure,CAPT-192,steady_scene_CAPT-192_20211115201702,ar0820,image0/frame_image0_00007348,image3/frame_image3_00007348
/nas/EOS/dataset/torc/wk2/fixed_structure,CAPT-192,steady_scene_CAPT-192_20211115201702,ar0820,image0/frame_image0_00007358,image3/frame_image3_00007358
/nas/EOS/dataset/torc/wk2/fixed_structure,CAPT-192,steady_scene_CAPT-192_20211115201702,ar0820,image0/frame_image0_00007368,image3/frame_image3_00007368
/nas/EOS/dataset/torc/wk2/fixed_structure,CAPT-192,steady_scene_CAPT-192_20211115201702,ar0820,image0/frame_image0_00007378,image3/frame_image3_00007378
/nas/EOS/dataset/torc/wk2/fixed_structure,CAPT-192,steady_scene_CAPT-192_20211115201702,ar0820,image0/frame_image0_00007388,image3/frame_image3_00007388
/nas/EOS/dataset/torc/wk2/fixed_structure,CAPT-192,steady_scene_CAPT-192_20211115201702,ar0820,image0/frame_image0_00007398,image3/frame_image3_00007398
/nas/EOS/dataset/torc/wk2/fixed_structure,CAPT-192,steady_scene_CAPT-192_20211115201702,ar0820,image0/frame_image0_00007408,image3/frame_image3_00007408
/nas/EOS/dataset/torc/wk2/fixed_structure,CAPT-192,steady_scene_CAPT-192_20211115201702,ar0820,image0/frame_image0_00007418,image3/frame_image3_00007418
/nas/EOS/dataset/torc/wk2/fixed_structure,CAPT-192,steady_scene_CAPT-192_20211115201702,ar0820,image0/frame_image0_00007428,image3/frame_image3_00007428
/nas/EOS/dataset/torc/wk2/fixed_structure,CAPT-192,steady_scene_CAPT-192_20211115201702,ar0820,image0/frame_image0_00007438,image3/frame_image3_00007438
/nas/EOS/dataset/torc/wk2/fixed_structure,CAPT-192,steady_scene_CAPT-192_20211115201702,ar0820,image0/frame_image0_00007448,image3/frame_image3_00007448
/nas/EOS/dataset/torc/wk2/fixed_structure,CAPT-192,steady_scene_CAPT-192_20211115201702,ar0820,image0/frame_image0_00007458,image3/frame_image3_00007458
/nas/EOS/dataset/torc/wk2/fixed_structure,CAPT-192,steady_scene_CAPT-192_20211115201702,ar0820,image0/frame_image0_00007468,image3/frame_image3_00007468
/nas/EOS/dataset/torc/wk2/fixed_structure,CAPT-192,steady_scene_CAPT-192_20211115201702,ar0820,image0/frame_image0_00007478,image3/frame_image3_00007478
/nas/EOS/dataset/torc/wk2/fixed_structure,CAPT-192,steady_scene_CAPT-192_20211115201702,ar0820,image0/frame_image0_00007488,image3/frame_image3_00007488
/nas/EOS/dataset/torc/wk2/fixed_structure,CAPT-192,steady_scene_CAPT-192_20211115201702,ar0820,image0/frame_image0_00007498,image3/frame_image3_00007498
/nas/EOS/dataset/torc/wk2/fixed_structure,CAPT-192,steady_scene_CAPT-192_20211115201702,ar0820,image0/frame_image0_00007508,image3/frame_image3_00007508
/nas/EOS/dataset/torc/wk2/fixed_structure,CAPT-192,steady_scene_CAPT-192_20211115201702,ar0820,image0/frame_image0_00007518,image3/frame_image3_00007518
/nas/EOS/dataset/torc/wk2/fixed_structure,CAPT-192,steady_scene_CAPT-192_20211115201702,ar0820,image0/frame_image0_00007528,image3/frame_image3_00007528
/nas/EOS/dataset/torc/wk2/fixed_structure,CAPT-192,steady_scene_CAPT-192_20211115201702,ar0820,image0/frame_image0_00007538,image3/frame_image3_00007538
/nas/EOS/dataset/torc/wk2/fixed_structure,CAPT-192,steady_scene_CAPT-192_20211115201702,ar0820,image0/frame_image0_00007548,image3/frame_image3_00007548
/nas/EOS/dataset/torc/wk2/fixed_structure,CAPT-192,steady_scene_CAPT-192_20211115201702,ar0820,image0/frame_image0_00007558,image3/frame_image3_00007558
/nas/EOS/dataset/torc/wk2/fixed_structure,CAPT-192,steady_scene_CAPT-192_20211115201702,ar0820,image0/frame_image0_00007568,image3/frame_image3_00007568
/nas/EOS/dataset/torc/wk2/fixed_structure,CAPT-192,steady_scene_CAPT-192_20211115201702,ar0820,image0/frame_image0_00007578,image3/frame_image3_00007578
/nas/EOS/dataset/torc/wk2/fixed_structure,CAPT-192,steady_scene_CAPT-192_20211115201702,ar0820,image0/frame_image0_00007588,image3/frame_image3_00007588
/nas/EOS/dataset/torc/wk2/fixed_structure,CAPT-192,steady_scene_CAPT-192_20211115201702,ar0820,image0/frame_image0_00007598,image3/frame_image3_00007598
/nas/EOS/dataset/torc/wk2/fixed_structure,CAPT-192,steady_scene_CAPT-192_20211115201702,ar0820,image0/frame_image0_00007608,image3/frame_image3_00007608
/nas/EOS/dataset/torc/wk2/fixed_structure,CAPT-192,steady_scene_CAPT-192_20211115201702,ar0820,image0/frame_image0_00007618,image3/frame_image3_00007618
/nas/EOS/dataset/torc/wk2/fixed_structure,CAPT-192,steady_scene_CAPT-192_20211115201702,ar0820,image0/frame_image0_00007628,image3/frame_image3_00007628
/nas/EOS/dataset/torc/wk2/fixed_structure,CAPT-192,steady_scene_CAPT-192_20211115201702,ar0820,image0/frame_image0_00007638,image3/frame_image3_00007638
/nas/EOS/dataset/torc/wk2/fixed_structure,CAPT-192,steady_scene_CAPT-192_20211115201702,ar0820,image0/frame_image0_00007648,image3/frame_image3_00007648
/nas/EOS/dataset/torc/wk2/fixed_structure,CAPT-192,steady_scene_CAPT-192_20211115201702,ar0820,image0/frame_image0_00007658,image3/frame_image3_00007658
/nas/EOS/dataset/torc/wk2/fixed_structure,CAPT-192,steady_scene_CAPT-192_20211115201702,ar0820,image0/frame_image0_00007668,image3/frame_image3_00007668
/nas/EOS/dataset/torc/wk2/fixed_structure,CAPT-192,steady_scene_CAPT-192_20211115201702,ar0820,image0/frame_image0_00007678,image3/frame_image3_00007678
/nas/EOS/dataset/torc/wk2/fixed_structure,CAPT-192,steady_scene_CAPT-192_20211115201702,ar0820,image0/frame_image0_00007688,image3/frame_image3_00007688
/nas/EOS/dataset/torc/wk2/fixed_structure,CAPT-192,steady_scene_CAPT-192_20211115201702,ar0820,image0/frame_image0_00007698,image3/frame_image3_00007698
/nas/EOS/dataset/torc/wk2/fixed_structure,CAPT-192,steady_scene_CAPT-192_20211115201702,ar0820,image0/frame_image0_00007708,image3/frame_image3_00007708
/nas/EOS/dataset/torc/wk2/fixed_structure,CAPT-192,steady_scene_CAPT-192_20211115201702,ar0820,image0/frame_image0_00007718,image3/frame_image3_00007718
/nas/EOS/dataset/torc/wk2/fixed_structure,CAPT-192,steady_scene_CAPT-192_20211115201702,ar0820,image0/frame_image0_00007728,image3/frame_image3_00007728
/nas/EOS/dataset/torc/wk2/fixed_structure,CAPT-192,steady_scene_CAPT-192_20211115201702,ar0820,image0/frame_image0_00007738,image3/frame_image3_00007738
/nas/EOS/dataset/torc/wk2/fixed_structure,CAPT-192,steady_scene_CAPT-192_20211115201702,ar0820,image0/frame_image0_00007748,image3/frame_image3_00007748
/nas/EOS/dataset/torc/wk2/fixed_structure,CAPT-192,steady_scene_CAPT-192_20211115201702,ar0820,image0/frame_image0_00007758,image3/frame_image3_00007758
/nas/EOS/dataset/torc/wk2/fixed_structure,CAPT-192,steady_scene_CAPT-192_20211115201702,ar0820,image0/frame_image0_00007768,image3/frame_image3_00007768
/nas/EOS/dataset/torc/wk2/fixed_structure,CAPT-192,steady_scene_CAPT-192_20211115201702,ar0820,image0/frame_image0_00007778,image3/frame_image3_00007778
/nas/EOS/dataset/torc/wk2/fixed_structure,CAPT-192,steady_scene_CAPT-192_20211115201702,ar0820,image0/frame_image0_00007788,image3/frame_image3_00007788
/nas/EOS/dataset/torc/wk2/fixed_structure,CAPT-192,steady_scene_CAPT-192_20211115201702,ar0820,image0/frame_image0_00007798,image3/frame_image3_00007798
/nas/EOS/dataset/torc/wk2/fixed_structure,CAPT-192,steady_scene_CAPT-192_20211115201702,ar0820,image0/frame_image0_00007808,image3/frame_image3_00007808
/nas/EOS/dataset/torc/wk2/fixed_structure,CAPT-192,steady_scene_CAPT-192_20211115201702,ar0820,image0/frame_image0_00007818,image3/frame_image3_00007818
/nas/EOS/dataset/torc/wk2/fixed_structure,CAPT-192,steady_scene_CAPT-192_20211115201702,ar0820,image0/frame_image0_00007828,image3/frame_image3_00007828
/nas/EOS/dataset/torc/wk2/fixed_structure,CAPT-192,steady_scene_CAPT-192_20211115201702,ar0820,image0/frame_image0_00007838,image3/frame_image3_00007838
/nas/EOS/dataset/torc/wk2/fixed_structure,CAPT-192,steady_scene_CAPT-192_20211115201702,ar0820,image0/frame_image0_00007848,image3/frame_image3_00007848
/nas/EOS/dataset/torc/wk2/fixed_structure,CAPT-192,steady_scene_CAPT-192_20211115201702,ar0820,image0/frame_image0_00007858,image3/frame_image3_00007858
/nas/EOS/dataset/torc/wk2/fixed_structure,CAPT-192,steady_scene_CAPT-192_20211115201702,ar0820,image0/frame_image0_00007868,image3/frame_image3_00007868
/nas/EOS/dataset/torc/wk2/fixed_structure,CAPT-192,steady_scene_CAPT-192_20211115201702,ar0820,image0/frame_image0_00007878,image3/frame_image3_00007878
/nas/EOS/dataset/torc/wk2/fixed_structure,CAPT-192,steady_scene_CAPT-192_20211115201702,ar0820,image0/frame_image0_00007888,image3/frame_image3_00007888
/nas/EOS/dataset/torc/wk2/fixed_structure,CAPT-192,steady_scene_CAPT-192_20211115201702,ar0820,image0/frame_image0_00007898,image3/frame_image3_00007898
/nas/EOS/dataset/torc/wk2/fixed_structure,CAPT-192,steady_scene_CAPT-192_20211115201702,ar0820,image0/frame_image0_00007908,image3/frame_image3_00007908
/nas/EOS/dataset/torc/wk2/fixed_structure,CAPT-192,steady_scene_CAPT-192_20211115201702,ar0820,image0/frame_image0_00007918,image3/frame_image3_00007918
/nas/EOS/dataset/torc/wk2/fixed_structure,CAPT-192,steady_scene_CAPT-192_20211115201702,ar0820,image0/frame_image0_00007928,image3/frame_image3_00007928
/nas/EOS/dataset/torc/wk2/fixed_structure,CAPT-192,steady_scene_CAPT-192_20211115201702,ar0820,image0/frame_image0_00007938,image3/frame_image3_00007938
/nas/EOS/dataset/torc/wk2/fixed_structure,CAPT-192,steady_scene_CAPT-192_20211115201702,ar0820,image0/frame_image0_00007948,image3/frame_image3_00007948
/nas/EOS/dataset/torc/wk2/fixed_structure,CAPT-192,steady_scene_CAPT-192_20211115201702,ar0820,image0/frame_image0_00007958,image3/frame_image3_00007958
/nas/EOS/dataset/torc/wk2/fixed_structure,CAPT-192,steady_scene_CAPT-192_20211115201702,ar0820,image0/frame_image0_00007968,image3/frame_image3_00007968
/nas/EOS/dataset/torc/wk2/fixed_structure,CAPT-192,steady_scene_CAPT-192_20211115201702,ar0820,image0/frame_image0_00007978,image3/frame_image3_00007978
/nas/EOS/dataset/torc/wk2/fixed_structure,CAPT-192,steady_scene_CAPT-192_20211115201702,ar0820,image0/frame_image0_00007988,image3/frame_image3_00007988
/nas/EOS/dataset/torc/wk2/fixed_structure,CAPT-192,steady_scene_CAPT-192_20211115201702,ar0820,image0/frame_image0_00007998,image3/frame_image3_00007998
/nas/EOS/dataset/torc/wk2/fixed_structure,CAPT-192,steady_scene_CAPT-192_20211115201702,ar0820,image0/frame_image0_00008008,image3/frame_image3_00008008
/nas/EOS/dataset/torc/wk2/fixed_structure,CAPT-192,steady_scene_CAPT-192_20211115201702,ar0820,image0/frame_image0_00008018,image3/frame_image3_00008018
/nas/EOS/dataset/torc/wk2/fixed_structure,CAPT-192,steady_scene_CAPT-192_20211115201702,ar0820,image0/frame_image0_00008028,image3/frame_image3_00008028
/nas/EOS/dataset/torc/wk2/fixed_structure,CAPT-192,steady_scene_CAPT-192_20211115201702,ar0820,image0/frame_image0_00008038,image3/frame_image3_00008038
/nas/EOS/dataset/torc/wk2/fixed_structure,CAPT-192,steady_scene_CAPT-192_20211115201702,ar0820,image0/frame_image0_00008048,image3/frame_image3_00008048
/nas/EOS/dataset/torc/wk2/fixed_structure,CAPT-192,steady_scene_CAPT-192_20211115201702,ar0820,image0/frame_image0_00008058,image3/frame_image3_00008058
/nas/EOS/dataset/torc/wk2/fixed_structure,CAPT-192,steady_scene_CAPT-192_20211115201702,ar0820,image0/frame_image0_00008068,image3/frame_image3_00008068
/nas/EOS/dataset/torc/wk2/fixed_structure,CAPT-192,steady_scene_CAPT-192_20211115201702,ar0820,image0/frame_image0_00008078,image3/frame_image3_00008078
/nas/EOS/dataset/torc/wk2/fixed_structure,CAPT-192,steady_scene_CAPT-192_20211115201702,ar0820,image0/frame_image0_00008088,image3/frame_image3_00008088
/nas/EOS/dataset/torc/wk2/fixed_structure,CAPT-192,steady_scene_CAPT-192_20211115201702,ar0820,image0/frame_image0_00008098,image3/frame_image3_00008098
/nas/EOS/dataset/torc/wk2/fixed_structure,CAPT-192,steady_scene_CAPT-192_20211115201702,ar0820,image0/frame_image0_00008108,image3/frame_image3_00008108
/nas/EOS/dataset/torc/wk2/fixed_structure,CAPT-192,steady_scene_CAPT-192_20211115201702,ar0820,image0/frame_image0_00008118,image3/frame_image3_00008118
/nas/EOS/dataset/torc/wk2/fixed_structure,CAPT-192,steady_scene_CAPT-192_20211115201702,ar0820,image0/frame_image0_00008128,image3/frame_image3_00008128
/nas/EOS/dataset/torc/wk2/fixed_structure,CAPT-192,steady_scene_CAPT-192_20211115201702,ar0820,image0/frame_image0_00008138,image3/frame_image3_00008138
/nas/EOS/dataset/torc/wk2/fixed_structure,CAPT-192,steady_scene_CAPT-192_20211115201702,ar0820,image0/frame_image0_00008148,image3/frame_image3_00008148
/nas/EOS/dataset/torc/wk2/fixed_structure,CAPT-192,steady_scene_CAPT-192_20211115201702,ar0820,image0/frame_image0_00008158,image3/frame_image3_00008158
/nas/EOS/dataset/torc/wk2/fixed_structure,CAPT-192,steady_scene_CAPT-192_20211115201702,ar0820,image0/frame_image0_00008168,image3/frame_image3_00008168
/nas/EOS/dataset/torc/wk2/fixed_structure,CAPT-192,steady_scene_CAPT-192_20211115201702,ar0820,image0/frame_image0_00008178,image3/frame_image3_00008178
/nas/EOS/dataset/torc/wk2/fixed_structure,CAPT-192,steady_scene_CAPT-192_20211115201702,ar0820,image0/frame_image0_00008188,image3/frame_image3_00008188
/nas/EOS/dataset/torc/wk2/fixed_structure,CAPT-192,steady_scene_CAPT-192_20211115201702,ar0820,image0/frame_image0_00008198,image3/frame_image3_00008198
/nas/EOS/dataset/torc/wk2/fixed_structure,CAPT-192,steady_scene_CAPT-192_20211115201702,ar0820,image0/frame_image0_00008208,image3/frame_image3_00008208
/nas/EOS/dataset/torc/wk2/fixed_structure,CAPT-192,steady_scene_CAPT-192_20211115201702,ar0820,image0/frame_image0_00008218,image3/frame_image3_00008218
/nas/EOS/dataset/torc/wk2/fixed_structure,CAPT-192,steady_scene_CAPT-192_20211115201702,ar0820,image0/frame_image0_00008228,image3/frame_image3_00008228
/nas/EOS/dataset/torc/wk2/fixed_structure,CAPT-192,steady_scene_CAPT-192_20211115201702,ar0820,image0/frame_image0_00008238,image3/frame_image3_00008238
/nas/EOS/dataset/torc/wk2/fixed_structure,CAPT-192,steady_scene_CAPT-192_20211115201702,ar0820,image0/frame_image0_00008248,image3/frame_image3_00008248
/nas/EOS/dataset/torc/wk2/fixed_structure,CAPT-192,steady_scene_CAPT-192_20211115201702,ar0820,image0/frame_image0_00008258,image3/frame_image3_00008258
/nas/EOS/dataset/torc/wk2/fixed_structure,CAPT-192,steady_scene_CAPT-192_20211115201702,ar0820,image0/frame_image0_00008268,image3/frame_image3_00008268
/nas/EOS/dataset/torc/wk2/fixed_structure,CAPT-192,steady_scene_CAPT-192_20211115201702,ar0820,image0/frame_image0_00008278,image3/frame_image3_00008278
/nas/EOS/dataset/torc/wk2/fixed_structure,CAPT-192,steady_scene_CAPT-192_20211115201702,ar0820,image0/frame_image0_00008288,image3/frame_image3_00008288
/nas/EOS/dataset/torc/wk2/fixed_structure,CAPT-192,steady_scene_CAPT-192_20211115201702,ar0820,image0/frame_image0_00008298,image3/frame_image3_00008298
/nas/EOS/dataset/torc/wk2/fixed_structure,CAPT-192,steady_scene_CAPT-192_20211115201702,ar0820,image0/frame_image0_00008308,image3/frame_image3_00008308
/nas/EOS/dataset/torc/wk2/fixed_structure,CAPT-192,steady_scene_CAPT-192_20211115201702,ar0820,image0/frame_image0_00008318,image3/frame_image3_00008318
/nas/EOS/dataset/torc/wk2/fixed_structure,CAPT-192,steady_scene_CAPT-192_20211115201702,ar0820,image0/frame_image0_00008328,image3/frame_image3_00008328
/nas/EOS/dataset/torc/wk2/fixed_structure,CAPT-192,steady_scene_CAPT-192_20211115201702,ar0820,image0/frame_image0_00008338,image3/frame_image3_00008338
/nas/EOS/dataset/torc/wk2/fixed_structure,CAPT-192,steady_scene_CAPT-192_20211115201702,ar0820,image0/frame_image0_00008348,image3/frame_image3_00008348
/nas/EOS/dataset/torc/wk2/fixed_structure,CAPT-192,steady_scene_CAPT-192_20211115201702,ar0820,image0/frame_image0_00008358,image3/frame_image3_00008358
/nas/EOS/dataset/torc/wk2/fixed_structure,CAPT-192,steady_scene_CAPT-192_20211115201702,ar0820,image0/frame_image0_00008368,image3/frame_image3_00008368
/nas/EOS/dataset/torc/wk2/fixed_structure,CAPT-192,steady_scene_CAPT-192_20211115201702,ar0820,image0/frame_image0_00008378,image3/frame_image3_00008378
/nas/EOS/dataset/torc/wk2/fixed_structure,CAPT-192,steady_scene_CAPT-192_20211115201702,ar0820,image0/frame_image0_00008388,image3/frame_image3_00008388
/nas/EOS/dataset/torc/wk2/fixed_structure,CAPT-192,steady_scene_CAPT-192_20211115201702,ar0820,image0/frame_image0_00008398,image3/frame_image3_00008398
/nas/EOS/dataset/torc/wk2/fixed_structure,CAPT-192,steady_scene_CAPT-192_20211115201702,ar0820,image0/frame_image0_00008408,image3/frame_image3_00008408
/nas/EOS/dataset/torc/wk2/fixed_structure,CAPT-192,steady_scene_CAPT-192_20211115201702,ar0820,image0/frame_image0_00008418,image3/frame_image3_00008418
/nas/EOS/dataset/torc/wk2/fixed_structure,CAPT-192,steady_scene_CAPT-192_20211115201702,ar0820,image0/frame_image0_00008428,image3/frame_image3_00008428
/nas/EOS/dataset/torc/wk2/fixed_structure,CAPT-192,steady_scene_CAPT-192_20211115201702,ar0820,image0/frame_image0_00008438,image3/frame_image3_00008438
/nas/EOS/dataset/torc/wk2/fixed_structure,CAPT-192,steady_scene_CAPT-192_20211115201702,ar0820,image0/frame_image0_00008448,image3/frame_image3_00008448
/nas/EOS/dataset/torc/wk2/fixed_structure,CAPT-192,steady_scene_CAPT-192_20211115201702,ar0820,image0/frame_image0_00008458,image3/frame_image3_00008458
/nas/EOS/dataset/torc/wk2/fixed_structure,CAPT-192,steady_scene_CAPT-192_20211115201702,ar0820,image0/frame_image0_00008468,image3/frame_image3_00008468
/nas/EOS/dataset/torc/wk2/fixed_structure,CAPT-192,steady_scene_CAPT-192_20211115201702,ar0820,image0/frame_image0_00008478,image3/frame_image3_00008478
/nas/EOS/dataset/torc/wk2/fixed_structure,CAPT-192,steady_scene_CAPT-192_20211115201702,ar0820,image0/frame_image0_00008488,image3/frame_image3_00008488
/nas/EOS/dataset/torc/wk2/fixed_structure,CAPT-192,steady_scene_CAPT-192_20211115201702,ar0820,image0/frame_image0_00008498,image3/frame_image3_00008498
/nas/EOS/dataset/torc/wk2/fixed_structure,CAPT-192,steady_scene_CAPT-192_20211115201702,ar0820,image0/frame_image0_00008508,image3/frame_image3_00008508
/nas/EOS/dataset/torc/wk2/fixed_structure,CAPT-192,steady_scene_CAPT-192_20211115201702,ar0820,image0/frame_image0_00008518,image3/frame_image3_00008518
/nas/EOS/dataset/torc/wk2/fixed_structure,CAPT-192,steady_scene_CAPT-192_20211115201702,ar0820,image0/frame_image0_00008528,image3/frame_image3_00008528
/nas/EOS/dataset/torc/wk2/fixed_structure,CAPT-192,steady_scene_CAPT-192_20211115201702,ar0820,image0/frame_image0_00008538,image3/frame_image3_00008538
/nas/EOS/dataset/torc/wk2/fixed_structure,CAPT-192,steady_scene_CAPT-192_20211115201702,ar0820,image0/frame_image0_00008548,image3/frame_image3_00008548
/nas/EOS/dataset/torc/wk2/fixed_structure,CAPT-192,steady_scene_CAPT-192_20211115201702,ar0820,image0/frame_image0_00008558,image3/frame_image3_00008558
/nas/EOS/dataset/torc/wk2/fixed_structure,CAPT-192,steady_scene_CAPT-192_20211115201702,ar0820,image0/frame_image0_00008568,image3/frame_image3_00008568
/nas/EOS/dataset/torc/wk2/fixed_structure,CAPT-192,steady_scene_CAPT-192_20211115201702,ar0820,image0/frame_image0_00008578,image3/frame_image3_00008578
/nas/EOS/dataset/torc/wk2/fixed_structure,CAPT-192,steady_scene_CAPT-192_20211115201702,ar0820,image0/frame_image0_00008588,image3/frame_image3_00008588
/nas/EOS/dataset/torc/wk2/fixed_structure,CAPT-192,steady_scene_CAPT-192_20211115201702,ar0820,image0/frame_image0_00008598,image3/frame_image3_00008598
/nas/EOS/dataset/torc/wk2/fixed_structure,CAPT-192,steady_scene_CAPT-192_20211115201702,ar0820,image0/frame_image0_00008608,image3/frame_image3_00008608
/nas/EOS/dataset/torc/wk2/fixed_structure,CAPT-192,steady_scene_CAPT-192_20211115201702,ar0820,image0/frame_image0_00008618,image3/frame_image3_00008618
/nas/EOS/dataset/torc/wk2/fixed_structure,CAPT-192,steady_scene_CAPT-192_20211115201702,ar0820,image0/frame_image0_00008628,image3/frame_image3_00008628
/nas/EOS/dataset/torc/wk2/fixed_structure,CAPT-192,steady_scene_CAPT-192_20211115201702,ar0820,image0/frame_image0_00008638,image3/frame_image3_00008638
/nas/EOS/dataset/torc/wk2/fixed_structure,CAPT-192,steady_scene_CAPT-192_20211115201702,ar0820,image0/frame_image0_00008648,image3/frame_image3_00008648
/nas/EOS/dataset/torc/wk2/fixed_structure,CAPT-192,steady_scene_CAPT-192_20211115201702,ar0820,image0/frame_image0_00008658,image3/frame_image3_00008658
/nas/EOS/dataset/torc/wk2/fixed_structure,CAPT-192,steady_scene_CAPT-192_20211115201702,ar0820,image0/frame_image0_00008668,image3/frame_image3_00008668
/nas/EOS/dataset/torc/wk2/fixed_structure,CAPT-192,steady_scene_CAPT-192_20211115201702,ar0820,image0/frame_image0_00008678,image3/frame_image3_00008678
/nas/EOS/dataset/torc/wk2/fixed_structure,CAPT-192,steady_scene_CAPT-192_20211115201702,ar0820,image0/frame_image0_00008688,image3/frame_image3_00008688
/nas/EOS/dataset/torc/wk2/fixed_structure,CAPT-192,steady_scene_CAPT-192_20211115201702,ar0820,image0/frame_image0_00008698,image3/frame_image3_00008698
/nas/EOS/dataset/torc/wk2/fixed_structure,CAPT-192,steady_scene_CAPT-192_20211115201702,ar0820,image0/frame_image0_00008708,image3/frame_image3_00008708
/nas/EOS/dataset/torc/wk2/fixed_structure,CAPT-192,steady_scene_CAPT-192_20211115201702,ar0820,image0/frame_image0_00008718,image3/frame_image3_00008718
/nas/EOS/dataset/torc/wk2/fixed_structure,CAPT-192,steady_scene_CAPT-192_20211115201702,ar0820,image0/frame_image0_00008728,image3/frame_image3_00008728
/nas/EOS/dataset/torc/wk2/fixed_structure,CAPT-192,steady_scene_CAPT-192_20211115201702,ar0820,image0/frame_image0_00008738,image3/frame_image3_00008738
/nas/EOS/dataset/torc/wk2/fixed_structure,CAPT-192,steady_scene_CAPT-192_20211115201702,ar0820,image0/frame_image0_00008748,image3/frame_image3_00008748
/nas/EOS/dataset/torc/wk2/fixed_structure,CAPT-192,steady_scene_CAPT-192_20211115201702,ar0820,image0/frame_image0_00008758,image3/frame_image3_00008758
/nas/EOS/dataset/torc/wk2/fixed_structure,CAPT-192,steady_scene_CAPT-192_20211115201702,ar0820,image0/frame_image0_00008768,image3/frame_image3_00008768
/nas/EOS/dataset/torc/wk2/fixed_structure,CAPT-192,steady_scene_CAPT-192_20211115201702,ar0820,image0/frame_image0_00008778,image3/frame_image3_00008778
/nas/EOS/dataset/torc/wk2/fixed_structure,CAPT-192,steady_scene_CAPT-192_20211115201702,ar0820,image0/frame_image0_00008788,image3/frame_image3_00008788
/nas/EOS/dataset/torc/wk2/fixed_structure,CAPT-192,steady_scene_CAPT-192_20211115201702,ar0820,image0/frame_image0_00008798,image3/frame_image3_00008798
/nas/EOS/dataset/torc/wk2/fixed_structure,CAPT-192,steady_scene_CAPT-192_20211115201702,ar0820,image0/frame_image0_00008808,image3/frame_image3_00008808
/nas/EOS/dataset/torc/wk2/fixed_structure,CAPT-192,steady_scene_CAPT-192_20211115201702,ar0820,image0/frame_image0_00008818,image3/frame_image3_00008818
/nas/EOS/dataset/torc/wk2/fixed_structure,CAPT-192,steady_scene_CAPT-192_20211115201702,ar0820,image0/frame_image0_00008828,image3/frame_image3_00008828
/nas/EOS/dataset/torc/wk2/fixed_structure,CAPT-192,steady_scene_CAPT-192_20211115201702,ar0820,image0/frame_image0_00008838,image3/frame_image3_00008838
/nas/EOS/dataset/torc/wk2/fixed_structure,CAPT-192,steady_scene_CAPT-192_20211115201702,ar0820,image0/frame_image0_00008848,image3/frame_image3_00008848
/nas/EOS/dataset/torc/wk2/fixed_structure,CAPT-192,steady_scene_CAPT-192_20211115201702,ar0820,image0/frame_image0_00008858,image3/frame_image3_00008858
/nas/EOS/dataset/torc/wk2/fixed_structure,CAPT-192,steady_scene_CAPT-192_20211115201702,ar0820,image0/frame_image0_00008868,image3/frame_image3_00008868
/nas/EOS/dataset/torc/wk2/fixed_structure,CAPT-192,steady_scene_CAPT-192_20211115201702,ar0820,image0/frame_image0_00008878,image3/frame_image3_00008878
/nas/EOS/dataset/torc/wk2/fixed_structure,CAPT-192,steady_scene_CAPT-192_20211115201702,ar0820,image0/frame_image0_00008888,image3/frame_image3_00008888
/nas/EOS/dataset/torc/wk2/fixed_structure,CAPT-192,steady_scene_CAPT-192_20211115201702,ar0820,image0/frame_image0_00008898,image3/frame_image3_00008898
/nas/EOS/dataset/torc/wk2/fixed_structure,CAPT-192,steady_scene_CAPT-192_20211115201702,ar0820,image0/frame_image0_00008908,image3/frame_image3_00008908
/nas/EOS/dataset/torc/wk2/fixed_structure,CAPT-192,steady_scene_CAPT-192_20211115201702,ar0820,image0/frame_image0_00008918,image3/frame_image3_00008918
/nas/EOS/dataset/torc/wk2/fixed_structure,CAPT-192,steady_scene_CAPT-192_20211115201702,ar0820,image0/frame_image0_00008928,image3/frame_image3_00008928
/nas/EOS/dataset/torc/wk2/fixed_structure,CAPT-192,steady_scene_CAPT-192_20211115201702,ar0820,image0/frame_image0_00008938,image3/frame_image3_00008938
/nas/EOS/dataset/torc/wk2/fixed_structure,CAPT-192,steady_scene_CAPT-192_20211115201702,ar0820,image0/frame_image0_00008948,image3/frame_image3_00008948
/nas/EOS/dataset/torc/wk2/fixed_structure,CAPT-192,steady_scene_CAPT-192_20211115201702,ar0820,image0/frame_image0_00008958,image3/frame_image3_00008958
/nas/EOS/dataset/torc/wk2/fixed_structure,CAPT-192,steady_scene_CAPT-192_20211115201702,ar0820,image0/frame_image0_00008968,image3/frame_image3_00008968
/nas/EOS/dataset/torc/wk2/fixed_structure,CAPT-192,steady_scene_CAPT-192_20211115201702,ar0820,image0/frame_image0_00008978,image3/frame_image3_00008978
/nas/EOS/dataset/torc/wk2/fixed_structure,CAPT-192,steady_scene_CAPT-192_20211115201702,ar0820,image0/frame_image0_00008988,image3/frame_image3_00008988
/nas/EOS/dataset/torc/wk2/fixed_structure,CAPT-192,steady_scene_CAPT-192_20211115201702,ar0820,image0/frame_image0_00008998,image3/frame_image3_00008998
/nas/EOS/dataset/torc/wk2/fixed_structure,CAPT-192,steady_scene_CAPT-192_20211115201702,ar0820,image0/frame_image0_00009008,image3/frame_image3_00009008
/nas/EOS/dataset/torc/wk2/fixed_structure,CAPT-192,steady_scene_CAPT-192_20211115201702,ar0820,image0/frame_image0_00009018,image3/frame_image3_00009018
/nas/EOS/dataset/torc/wk2/fixed_structure,CAPT-192,steady_scene_CAPT-192_20211115201702,ar0820,image0/frame_image0_00009028,image3/frame_image3_00009028
/nas/EOS/dataset/torc/wk2/fixed_structure,CAPT-192,steady_scene_CAPT-192_20211115201702,ar0820,image0/frame_image0_00009038,image3/frame_image3_00009038
/nas/EOS/dataset/torc/wk2/fixed_structure,CAPT-192,steady_scene_CAPT-192_20211115201702,ar0820,image0/frame_image0_00009048,image3/frame_image3_00009048
/nas/EOS/dataset/torc/wk2/fixed_structure,CAPT-192,steady_scene_CAPT-192_20211115201702,ar0820,image0/frame_image0_00009058,image3/frame_image3_00009058
/nas/EOS/dataset/torc/wk2/fixed_structure,CAPT-192,steady_scene_CAPT-192_20211115201702,ar0820,image0/frame_image0_00009068,image3/frame_image3_00009068
/nas/EOS/dataset/torc/wk2/fixed_structure,CAPT-192,steady_scene_CAPT-192_20211115201702,ar0820,image0/frame_image0_00009078,image3/frame_image3_00009078
/nas/EOS/dataset/torc/wk2/fixed_structure,CAPT-192,steady_scene_CAPT-192_20211115201702,ar0820,image0/frame_image0_00009088,image3/frame_image3_00009088
/nas/EOS/dataset/torc/wk2/fixed_structure,CAPT-192,steady_scene_CAPT-192_20211115201702,ar0820,image0/frame_image0_00009098,image3/frame_image3_00009098
/nas/EOS/dataset/torc/wk2/fixed_structure,CAPT-192,steady_scene_CAPT-192_20211115201702,ar0820,image0/frame_image0_00009108,image3/frame_image3_00009108
/nas/EOS/dataset/torc/wk2/fixed_structure,CAPT-192,steady_scene_CAPT-192_20211115201702,ar0820,image0/frame_image0_00009118,image3/frame_image3_00009118
/nas/EOS/dataset/torc/wk2/fixed_structure,CAPT-192,steady_scene_CAPT-192_20211115201702,ar0820,image0/frame_image0_00009128,image3/frame_image3_00009128
/nas/EOS/dataset/torc/wk2/fixed_structure,CAPT-192,steady_scene_CAPT-192_20211115201702,ar0820,image0/frame_image0_00009138,image3/frame_image3_00009138
/nas/EOS/dataset/torc/wk2/fixed_structure,CAPT-192,steady_scene_CAPT-192_20211115201702,ar0820,image0/frame_image0_00009148,image3/frame_image3_00009148
/nas/EOS/dataset/torc/wk2/fixed_structure,CAPT-192,steady_scene_CAPT-192_20211115201702,ar0820,image0/frame_image0_00009158,image3/frame_image3_00009158
/nas/EOS/dataset/torc/wk2/fixed_structure,CAPT-192,steady_scene_CAPT-192_20211115201702,ar0820,image0/frame_image0_00009168,image3/frame_image3_00009168
/nas/EOS/dataset/torc/wk2/fixed_structure,CAPT-192,steady_scene_CAPT-192_20211115201702,ar0820,image0/frame_image0_00009178,image3/frame_image3_00009178
/nas/EOS/dataset/torc/wk2/fixed_structure,CAPT-192,steady_scene_CAPT-192_20211115201702,ar0820,image0/frame_image0_00009188,image3/frame_image3_00009188
/nas/EOS/dataset/torc/wk2/fixed_structure,CAPT-192,steady_scene_CAPT-192_20211115201702,ar0820,image0/frame_image0_00009198,image3/frame_image3_00009198
/nas/EOS/dataset/torc/wk2/fixed_structure,CAPT-192,steady_scene_CAPT-192_20211115201702,ar0820,image0/frame_image0_00009208,image3/frame_image3_00009208
/nas/EOS/dataset/torc/wk2/fixed_structure,CAPT-192,steady_scene_CAPT-192_20211115201702,ar0820,image0/frame_image0_00009218,image3/frame_image3_00009218
/nas/EOS/dataset/torc/wk2/fixed_structure,CAPT-192,steady_scene_CAPT-192_20211115201702,ar0820,image0/frame_image0_00009228,image3/frame_image3_00009228
/nas/EOS/dataset/torc/wk2/fixed_structure,CAPT-192,steady_scene_CAPT-192_20211115201702,ar0820,image0/frame_image0_00009238,image3/frame_image3_00009238
/nas/EOS/dataset/torc/wk2/fixed_structure,CAPT-192,steady_scene_CAPT-192_20211115201702,ar0820,image0/frame_image0_00009248,image3/frame_image3_00009248
/nas/EOS/dataset/torc/wk2/fixed_structure,CAPT-192,steady_scene_CAPT-192_20211115201702,ar0820,image0/frame_image0_00009258,image3/frame_image3_00009258
/nas/EOS/dataset/torc/wk2/fixed_structure,CAPT-192,steady_scene_CAPT-192_20211115201702,ar0820,image0/frame_image0_00009268,image3/frame_image3_00009268
/nas/EOS/dataset/torc/wk2/fixed_structure,CAPT-192,steady_scene_CAPT-192_20211115201702,ar0820,image0/frame_image0_00009278,image3/frame_image3_00009278
/nas/EOS/dataset/torc/wk2/fixed_structure,CAPT-192,steady_scene_CAPT-192_20211115201702,ar0820,image0/frame_image0_00009288,image3/frame_image3_00009288
/nas/EOS/dataset/torc/wk2/fixed_structure,CAPT-192,steady_scene_CAPT-192_20211115201702,ar0820,image0/frame_image0_00009298,image3/frame_image3_00009298
/nas/EOS/dataset/torc/wk2/fixed_structure,CAPT-192,steady_scene_CAPT-192_20211115201702,ar0820,image0/frame_image0_00009308,image3/frame_image3_00009308
/nas/EOS/dataset/torc/wk2/fixed_structure,CAPT-192,steady_scene_CAPT-192_20211115201702,ar0820,image0/frame_image0_00009318,image3/frame_image3_00009318
/nas/EOS/dataset/torc/wk2/fixed_structure,CAPT-192,steady_scene_CAPT-192_20211115201702,ar0820,image0/frame_image0_00009328,image3/frame_image3_00009328
/nas/EOS/dataset/torc/wk2/fixed_structure,CAPT-192,steady_scene_CAPT-192_20211115201702,ar0820,image0/frame_image0_00009338,image3/frame_image3_00009338
/nas/EOS/dataset/torc/wk2/fixed_structure,CAPT-192,steady_scene_CAPT-192_20211115201702,ar0820,image0/frame_image0_00009348,image3/frame_image3_00009348
/nas/EOS/dataset/torc/wk2/fixed_structure,CAPT-192,steady_scene_CAPT-192_20211115201702,ar0820,image0/frame_image0_00009358,image3/frame_image3_00009358
/nas/EOS/dataset/torc/wk2/fixed_structure,CAPT-192,steady_scene_CAPT-192_20211115201702,ar0820,image0/frame_image0_00009368,image3/frame_image3_00009368
/nas/EOS/dataset/torc/wk2/fixed_structure,CAPT-192,steady_scene_CAPT-192_20211115201702,ar0820,image0/frame_image0_00009378,image3/frame_image3_00009378
/nas/EOS/dataset/torc/wk2/fixed_structure,CAPT-192,steady_scene_CAPT-192_20211115201702,ar0820,image0/frame_image0_00009388,image3/frame_image3_00009388
/nas/EOS/dataset/torc/wk2/fixed_structure,CAPT-192,steady_scene_CAPT-192_20211115201702,ar0820,image0/frame_image0_00009398,image3/frame_image3_00009398
